,CKD,Battery
1,63.6363636363636,85.2054794520548
2,65.7575757575758,87.8082191780822
3,66.6666666666667,88.3561643835617
4,66.6666666666667,87.8082191780822
5,67.2727272727273,87.6712328767123
6,66.6666666666667,88.3561643835617
7,66.3636363636364,87.6712328767123
8,65.4545454545455,86.8493150684932
9,66.3636363636364,87.3972602739726
10,68.1818181818182,88.7671232876712
11,70,89.041095890411
12,,
13,,
14,,
15,,
16,,
17,,
18,,
19,,
20,,
21,,
22,,
